{"cameraMode":{"drawMode":0,"name":"Shaded","section":"Shading Mode"},"sceneLighting":true,"audioPlay":false,"sceneViewState":{"showFog":true,"showMaterialUpdate":false,"showSkybox":true,"showFlares":true,"showImageEffects":true,"showParticleSystems":true},"in2DMode":false,"pivot":{"x":7.833062171936035,"y":6.4946608543396,"z":-6.438365936279297},"rotation":{"x":0.1122085228562355,"y":0.8855563402175903,"z":-0.35041913390159609,"w":0.28356650471687319},"size":17.230363845825197,"orthographic":false}